Date,Low,Open,Volume,High,Close,Adjusted Close
05-03-2020,1.0501400232315063,1.0501400232315063,33895,1.0501400232315063,1.0501400232315063,-0.01222872082144022
06-03-2020,1.0501400232315063,1.0501400232315063,0,1.0501400232315063,1.0501400232315063,-0.01222872082144022
09-03-2020,1.0501400232315063,1.0501400232315063,0,1.0501400232315063,1.0501400232315063,-0.01222872082144022
10-03-2020,1.0501400232315063,1.0501400232315063,0,1.0501400232315063,1.0501400232315063,-0.01222872082144022
11-03-2020,1.0501400232315063,1.0501400232315063,0,1.0501400232315063,1.0501400232315063,-0.01222872082144022
12-03-2020,1.0501400232315063,1.0501400232315063,0,1.0501400232315063,1.0501400232315063,-0.01222872082144022
13-03-2020,0.8500000238418579,0.8500000238418579,875,0.8500000238418579,0.8500000238418579,-0.00989812146872282
16-03-2020,0.75,0.75,1918,0.75,0.75,-0.008733635768294334
17-03-2020,0.75,0.75,0,0.75,0.75,-0.008733635768294334
18-03-2020,0.75,0.75,0,0.75,0.75,-0.008733635768294334
19-03-2020,0.75,0.75,0,0.75,0.75,-0.008733635768294334
20-03-2020,0.75,0.75,0,0.75,0.75,-0.008733635768294334
23-03-2020,0.75,0.75,0,0.75,0.75,-0.008733635768294334
24-03-2020,0.75,0.75,0,0.75,0.75,-0.008733635768294334
25-03-2020,0.75,0.75,0,0.75,0.75,-0.008733635768294334
26-03-2020,0.75,0.75,0,0.75,0.75,-0.008733635768294334
27-03-2020,0.6000000238418579,0.6000000238418579,875,0.6000000238418579,0.6000000238418579,-0.0069869086146354675
30-03-2020,0.6000000238418579,0.6000000238418579,0,0.6000000238418579,0.6000000238418579,-0.0069869086146354675
31-03-2020,0.6000000238418579,0.6000000238418579,0,0.6000000238418579,0.6000000238418579,-0.0069869086146354675
01-04-2020,0.6000000238418579,0.6000000238418579,0,0.6000000238418579,0.6000000238418579,-0.0069869086146354675
02-04-2020,0.6000000238418579,0.6000000238418579,0,0.6000000238418579,0.6000000238418579,0.02794763445854187
03-04-2020,0.6000000238418579,0.6000000238418579,0,0.6000000238418579,0.6000000238418579,0.02794763445854187
06-04-2020,0.6000000238418579,0.6000000238418579,0,0.6000000238418579,0.6000000238418579,0.02794763445854187
07-04-2020,0.6000000238418579,0.6000000238418579,0,0.6000000238418579,0.6000000238418579,0.02794763445854187
08-04-2020,0.699999988079071,0.699999988079071,200,0.699999988079071,0.699999988079071,0.032605573534965515
09-04-2020,0.699999988079071,0.699999988079071,0,0.699999988079071,0.699999988079071,0.032605573534965515
13-04-2020,0.699999988079071,0.699999988079071,0,0.699999988079071,0.699999988079071,0.032605573534965515
14-04-2020,0.699999988079071,0.699999988079071,0,0.699999988079071,0.699999988079071,0.032605573534965515
15-04-2020,0.699999988079071,0.699999988079071,0,0.699999988079071,0.699999988079071,0.032605573534965515
16-04-2020,0.699999988079071,0.699999988079071,0,0.699999988079071,0.699999988079071,0.032605573534965515
17-04-2020,0.699999988079071,0.699999988079071,0,0.699999988079071,0.699999988079071,0.032605573534965515
20-04-2020,0.699999988079071,0.699999988079071,0,0.699999988079071,0.699999988079071,0.032605573534965515
21-04-2020,0.699999988079071,0.699999988079071,0,0.699999988079071,0.699999988079071,0.032605573534965515
22-04-2020,0.699999988079071,0.699999988079071,0,0.699999988079071,0.699999988079071,0.032605573534965515
23-04-2020,0.699999988079071,0.699999988079071,0,0.699999988079071,0.699999988079071,0.032605573534965515
24-04-2020,0.699999988079071,0.699999988079071,0,0.699999988079071,0.699999988079071,0.032605573534965515
27-04-2020,0.699999988079071,0.699999988079071,0,0.699999988079071,0.699999988079071,0.032605573534965515
28-04-2020,0.6642699837684631,0.6642699837684631,112421,0.6642699837684631,0.6642699837684631,0.030941294506192207
29-04-2020,0.6642699837684631,0.6642699837684631,0,0.6642699837684631,0.6642699837684631,0.030941294506192207
30-04-2020,0.6642699837684631,0.6642699837684631,0,0.6642699837684631,0.6642699837684631,0.030941294506192207
01-05-2020,0.6642699837684631,0.6642699837684631,0,0.6642699837684631,0.6642699837684631,0.030941294506192207
04-05-2020,0.6642699837684631,0.6642699837684631,0,0.6642699837684631,0.6642699837684631,0.030941294506192207
05-05-2020,0.6642699837684631,0.6642699837684631,0,0.6642699837684631,0.6642699837684631,0.030941294506192207
06-05-2020,0.6642699837684631,0.6642699837684631,0,0.6642699837684631,0.6642699837684631,0.030941294506192207
07-05-2020,0.6642699837684631,0.6642699837684631,0,0.6642699837684631,0.6642699837684631,0.030941294506192207
08-05-2020,0.6642699837684631,0.6642699837684631,0,0.6642699837684631,0.6642699837684631,0.030941294506192207
11-05-2020,0.6642699837684631,0.6642699837684631,0,0.6642699837684631,0.6642699837684631,0.030941294506192207
12-05-2020,0.6642699837684631,0.6642699837684631,0,0.6642699837684631,0.6642699837684631,0.030941294506192207
13-05-2020,0.6642699837684631,0.6642699837684631,0,0.6642699837684631,0.6642699837684631,0.030941294506192207
14-05-2020,0.6642699837684631,0.6642699837684631,0,0.6642699837684631,0.6642699837684631,0.030941294506192207
15-05-2020,0.6642699837684631,0.6642699837684631,0,0.6642699837684631,0.6642699837684631,0.030941294506192207
18-05-2020,0.6642699837684631,0.6642699837684631,0,0.6642699837684631,0.6642699837684631,0.030941294506192207
19-05-2020,0.6642699837684631,0.6642699837684631,0,0.6642699837684631,0.6642699837684631,0.030941294506192207
20-05-2020,0.6642699837684631,0.6642699837684631,0,0.6642699837684631,0.6642699837684631,0.030941294506192207
21-05-2020,0.6642699837684631,0.6642699837684631,0,0.6642699837684631,0.6642699837684631,0.030941294506192207
22-05-2020,0.6642699837684631,0.6642699837684631,0,0.6642699837684631,0.6642699837684631,0.030941294506192207
26-05-2020,0.6642699837684631,0.6642699837684631,0,0.6642699837684631,0.6642699837684631,0.030941294506192207
27-05-2020,0.6642699837684631,0.6642699837684631,0,0.6642699837684631,0.6642699837684631,0.030941294506192207
28-05-2020,0.6642699837684631,0.6642699837684631,0,0.6642699837684631,0.6642699837684631,0.030941294506192207
29-05-2020,0.6642699837684631,0.6642699837684631,0,0.6642699837684631,0.6642699837684631,0.030941294506192207
01-06-2020,0.6642699837684631,0.6642699837684631,0,0.6642699837684631,0.6642699837684631,0.030941294506192207
02-06-2020,0.6642699837684631,0.6642699837684631,0,0.6642699837684631,0.6642699837684631,0.030941294506192207
03-06-2020,0.6642699837684631,0.6642699837684631,0,0.6642699837684631,0.6642699837684631,0.030941294506192207
04-06-2020,0.6642699837684631,0.6642699837684631,0,0.6642699837684631,0.6642699837684631,0.030941294506192207
05-06-2020,0.6642699837684631,0.6642699837684631,0,0.6642699837684631,0.6642699837684631,0.030941294506192207
08-06-2020,0.6642699837684631,0.6642699837684631,0,0.6642699837684631,0.6642699837684631,0.030941294506192207
09-06-2020,0.6642699837684631,0.6642699837684631,0,0.6642699837684631,0.6642699837684631,0.030941294506192207
10-06-2020,0.6642699837684631,0.6642699837684631,0,0.6642699837684631,0.6642699837684631,0.030941294506192207
11-06-2020,0.6642699837684631,0.6642699837684631,0,0.6642699837684631,0.6642699837684631,0.030941294506192207
12-06-2020,0.6642699837684631,0.6642699837684631,0,0.6642699837684631,0.6642699837684631,0.030941294506192207
15-06-2020,0.6642699837684631,0.6642699837684631,0,0.6642699837684631,0.6642699837684631,0.030941294506192207
16-06-2020,0.6642699837684631,0.6642699837684631,0,0.6642699837684631,0.6642699837684631,0.030941294506192207
17-06-2020,0.6642699837684631,0.6642699837684631,0,0.6642699837684631,0.6642699837684631,0.030941294506192207
18-06-2020,0.6642699837684631,0.6642699837684631,0,0.6642699837684631,0.6642699837684631,0.030941294506192207
19-06-2020,0.6642699837684631,0.6642699837684631,0,0.6642699837684631,0.6642699837684631,0.030941294506192207
22-06-2020,0.6642699837684631,0.6642699837684631,0,0.6642699837684631,0.6642699837684631,0.030941294506192207
23-06-2020,0.6642699837684631,0.6642699837684631,0,0.6642699837684631,0.6642699837684631,0.030941294506192207
24-06-2020,0.6642699837684631,0.6642699837684631,0,0.6642699837684631,0.6642699837684631,0.030941294506192207
25-06-2020,0.6642699837684631,0.6642699837684631,0,0.6642699837684631,0.6642699837684631,0.030941294506192207
26-06-2020,0.6642699837684631,0.6642699837684631,0,0.6642699837684631,0.6642699837684631,0.030941294506192207
29-06-2020,0.6642699837684631,0.6642699837684631,0,0.6642699837684631,0.6642699837684631,0.030941294506192207
30-06-2020,0.6642699837684631,0.6642699837684631,0,0.6642699837684631,0.6642699837684631,0.030941294506192207
01-07-2020,0.6642699837684631,0.6642699837684631,0,0.6642699837684631,0.6642699837684631,0.030941294506192207
02-07-2020,0.6642699837684631,0.6642699837684631,0,0.6642699837684631,0.6642699837684631,0.030941294506192207
06-07-2020,0.6800000071525574,0.6800000071525574,20650,0.6800000071525574,0.6800000071525574,0.031673986464738846
07-07-2020,0.6800000071525574,0.6800000071525574,0,0.6800000071525574,0.6800000071525574,0.031673986464738846
08-07-2020,0.6800000071525574,0.6800000071525574,0,0.6800000071525574,0.6800000071525574,0.031673986464738846
09-07-2020,0.6800000071525574,0.6800000071525574,0,0.6800000071525574,0.6800000071525574,0.031673986464738846
10-07-2020,0.6800000071525574,0.6800000071525574,0,0.6800000071525574,0.6800000071525574,0.031673986464738846
13-07-2020,0.6800000071525574,0.6800000071525574,0,0.6800000071525574,0.6800000071525574,0.031673986464738846
14-07-2020,0.6800000071525574,0.6800000071525574,0,0.6800000071525574,0.6800000071525574,0.031673986464738846
15-07-2020,0.6800000071525574,0.6800000071525574,0,0.6800000071525574,0.6800000071525574,0.031673986464738846
16-07-2020,0.6800000071525574,0.6800000071525574,0,0.6800000071525574,0.6800000071525574,0.031673986464738846
17-07-2020,0.6800000071525574,0.6800000071525574,0,0.6800000071525574,0.6800000071525574,0.031673986464738846
20-07-2020,0.6800000071525574,0.6800000071525574,0,0.6800000071525574,0.6800000071525574,0.031673986464738846
21-07-2020,0.6800000071525574,0.6800000071525574,0,0.6800000071525574,0.6800000071525574,0.031673986464738846
22-07-2020,0.6800000071525574,0.6800000071525574,0,0.6800000071525574,0.6800000071525574,0.031673986464738846
23-07-2020,0.6800000071525574,0.6800000071525574,0,0.6800000071525574,0.6800000071525574,0.031673986464738846
24-07-2020,0.6800000071525574,0.6800000071525574,0,0.6800000071525574,0.6800000071525574,0.031673986464738846
27-07-2020,0.6800000071525574,0.6800000071525574,0,0.6800000071525574,0.6800000071525574,0.031673986464738846
28-07-2020,0.6800000071525574,0.6800000071525574,0,0.6800000071525574,0.6800000071525574,0.031673986464738846
29-07-2020,0.6800000071525574,0.6800000071525574,0,0.6800000071525574,0.6800000071525574,0.031673986464738846
30-07-2020,0.6800000071525574,0.6800000071525574,0,0.6800000071525574,0.6800000071525574,0.031673986464738846
31-07-2020,0.6800000071525574,0.6800000071525574,0,0.6800000071525574,0.6800000071525574,0.031673986464738846
03-08-2020,0.6800000071525574,0.6800000071525574,0,0.6800000071525574,0.6800000071525574,0.031673986464738846
04-08-2020,0.6800000071525574,0.6800000071525574,0,0.6800000071525574,0.6800000071525574,0.031673986464738846
05-08-2020,0.6800000071525574,0.6800000071525574,0,0.6800000071525574,0.6800000071525574,0.031673986464738846
06-08-2020,0.6800000071525574,0.6800000071525574,0,0.6800000071525574,0.6800000071525574,0.031673986464738846
07-08-2020,0.6800000071525574,0.6800000071525574,0,0.6800000071525574,0.6800000071525574,0.031673986464738846
10-08-2020,0.6800000071525574,0.6800000071525574,0,0.6800000071525574,0.6800000071525574,0.031673986464738846
11-08-2020,0.6800000071525574,0.6800000071525574,0,0.6800000071525574,0.6800000071525574,0.031673986464738846
12-08-2020,0.6800000071525574,0.6800000071525574,0,0.6800000071525574,0.6800000071525574,0.031673986464738846
13-08-2020,0.6800000071525574,0.6800000071525574,0,0.6800000071525574,0.6800000071525574,0.031673986464738846
14-08-2020,0.6800000071525574,0.6800000071525574,0,0.6800000071525574,0.6800000071525574,0.031673986464738846
17-08-2020,0.6800000071525574,0.6800000071525574,0,0.6800000071525574,0.6800000071525574,0.031673986464738846
18-08-2020,0.6800000071525574,0.6800000071525574,0,0.6800000071525574,0.6800000071525574,0.031673986464738846
19-08-2020,0.6800000071525574,0.6800000071525574,0,0.6800000071525574,0.6800000071525574,0.031673986464738846
20-08-2020,0.6800000071525574,0.6800000071525574,0,0.6800000071525574,0.6800000071525574,0.031673986464738846
21-08-2020,0.6800000071525574,0.6800000071525574,0,0.6800000071525574,0.6800000071525574,0.031673986464738846
24-08-2020,0.6800000071525574,0.6800000071525574,0,0.6800000071525574,0.6800000071525574,0.031673986464738846
25-08-2020,0.6800000071525574,0.6800000071525574,0,0.6800000071525574,0.6800000071525574,0.031673986464738846
26-08-2020,0.6800000071525574,0.6800000071525574,0,0.6800000071525574,0.6800000071525574,0.031673986464738846
27-08-2020,0.6800000071525574,0.6800000071525574,0,0.6800000071525574,0.6800000071525574,0.031673986464738846
28-08-2020,0.6800000071525574,0.6800000071525574,0,0.6800000071525574,0.6800000071525574,0.031673986464738846
31-08-2020,0.6800000071525574,0.6800000071525574,0,0.6800000071525574,0.6800000071525574,0.031673986464738846
01-09-2020,0.6800000071525574,0.6800000071525574,0,0.6800000071525574,0.6800000071525574,0.031673986464738846
02-09-2020,0.6800000071525574,0.6800000071525574,0,0.6800000071525574,0.6800000071525574,0.031673986464738846
03-09-2020,0.6800000071525574,0.6800000071525574,0,0.6800000071525574,0.6800000071525574,0.031673986464738846
04-09-2020,0.6800000071525574,0.6800000071525574,0,0.6800000071525574,0.6800000071525574,0.031673986464738846
08-09-2020,0.6800000071525574,0.6800000071525574,0,0.6800000071525574,0.6800000071525574,0.031673986464738846
09-09-2020,0.6800000071525574,0.6800000071525574,0,0.6800000071525574,0.6800000071525574,0.031673986464738846
10-09-2020,0.6800000071525574,0.6800000071525574,0,0.6800000071525574,0.6800000071525574,0.031673986464738846
11-09-2020,0.6800000071525574,0.6800000071525574,0,0.6800000071525574,0.6800000071525574,0.031673986464738846
14-09-2020,0.6800000071525574,0.6800000071525574,0,0.6800000071525574,0.6800000071525574,0.031673986464738846
15-09-2020,0.6800000071525574,0.6800000071525574,0,0.6800000071525574,0.6800000071525574,0.031673986464738846
16-09-2020,0.6800000071525574,0.6800000071525574,0,0.6800000071525574,0.6800000071525574,0.031673986464738846
17-09-2020,0.6800000071525574,0.6800000071525574,0,0.6800000071525574,0.6800000071525574,0.031673986464738846
18-09-2020,0.6800000071525574,0.6800000071525574,0,0.6800000071525574,0.6800000071525574,0.031673986464738846
21-09-2020,0.6800000071525574,0.6800000071525574,0,0.6800000071525574,0.6800000071525574,0.031673986464738846
22-09-2020,0.6800000071525574,0.6800000071525574,0,0.6800000071525574,0.6800000071525574,0.031673986464738846
23-09-2020,0.6800000071525574,0.6800000071525574,0,0.6800000071525574,0.6800000071525574,0.031673986464738846
24-09-2020,0.6800000071525574,0.6800000071525574,0,0.6800000071525574,0.6800000071525574,0.031673986464738846
25-09-2020,0.6800000071525574,0.6800000071525574,0,0.6800000071525574,0.6800000071525574,0.031673986464738846
28-09-2020,0.6800000071525574,0.6800000071525574,0,0.6800000071525574,0.6800000071525574,0.031673986464738846
29-09-2020,0.6800000071525574,0.6800000071525574,0,0.6800000071525574,0.6800000071525574,0.031673986464738846
30-09-2020,0.6800000071525574,0.6800000071525574,0,0.6800000071525574,0.6800000071525574,0.031673986464738846
01-10-2020,0.6800000071525574,0.6800000071525574,0,0.6800000071525574,0.6800000071525574,0.031673986464738846
02-10-2020,0.6800000071525574,0.6800000071525574,0,0.6800000071525574,0.6800000071525574,0.031673986464738846
05-10-2020,0.6800000071525574,0.6800000071525574,0,0.6800000071525574,0.6800000071525574,0.031673986464738846
06-10-2020,0.6800000071525574,0.6800000071525574,0,0.6800000071525574,0.6800000071525574,0.031673986464738846
07-10-2020,0.6800000071525574,0.6800000071525574,0,0.6800000071525574,0.6800000071525574,0.031673986464738846
08-10-2020,0.6800000071525574,0.6800000071525574,0,0.6800000071525574,0.6800000071525574,0.031673986464738846
09-10-2020,0.6800000071525574,0.6800000071525574,0,0.6800000071525574,0.6800000071525574,0.031673986464738846
12-10-2020,0.6800000071525574,0.6800000071525574,0,0.6800000071525574,0.6800000071525574,0.031673986464738846
13-10-2020,0.6800000071525574,0.6800000071525574,0,0.6800000071525574,0.6800000071525574,0.031673986464738846
14-10-2020,0.6800000071525574,0.6800000071525574,0,0.6800000071525574,0.6800000071525574,0.031673986464738846
15-10-2020,0.6800000071525574,0.6800000071525574,0,0.6800000071525574,0.6800000071525574,0.031673986464738846
16-10-2020,0.6800000071525574,0.6800000071525574,0,0.6800000071525574,0.6800000071525574,0.031673986464738846
19-10-2020,0.6800000071525574,0.6800000071525574,0,0.6800000071525574,0.6800000071525574,0.031673986464738846
20-10-2020,0.6800000071525574,0.6800000071525574,0,0.6800000071525574,0.6800000071525574,0.031673986464738846
21-10-2020,0.6800000071525574,0.6800000071525574,0,0.6800000071525574,0.6800000071525574,0.031673986464738846
22-10-2020,0.6800000071525574,0.6800000071525574,0,0.6800000071525574,0.6800000071525574,0.031673986464738846
23-10-2020,0.6800000071525574,0.6800000071525574,0,0.6800000071525574,0.6800000071525574,0.031673986464738846
26-10-2020,0.6800000071525574,0.6800000071525574,0,0.6800000071525574,0.6800000071525574,0.031673986464738846
27-10-2020,0.6800000071525574,0.6800000071525574,0,0.6800000071525574,0.6800000071525574,0.031673986464738846
28-10-2020,0.6000000238418579,0.6000000238418579,4375,0.6000000238418579,0.6000000238418579,0.02794763445854187
29-10-2020,0.6000000238418579,0.6000000238418579,0,0.6000000238418579,0.6000000238418579,0.02794763445854187
30-10-2020,0.6000000238418579,0.6000000238418579,0,0.6000000238418579,0.6000000238418579,0.02794763445854187
02-11-2020,0.6000000238418579,0.6000000238418579,0,0.6000000238418579,0.6000000238418579,0.02794763445854187
03-11-2020,0.6000000238418579,0.6000000238418579,0,0.6000000238418579,0.6000000238418579,0.02794763445854187
04-11-2020,0.6000000238418579,0.6000000238418579,0,0.6000000238418579,0.6000000238418579,0.02794763445854187
05-11-2020,0.6000000238418579,0.6000000238418579,0,0.6000000238418579,0.6000000238418579,0.02794763445854187
06-11-2020,0.6000000238418579,0.6000000238418579,0,0.6000000238418579,0.6000000238418579,0.02794763445854187
09-11-2020,0.6000000238418579,0.6000000238418579,0,0.6000000238418579,0.6000000238418579,0.02794763445854187
10-11-2020,0.6000000238418579,0.6000000238418579,0,0.6000000238418579,0.6000000238418579,0.02794763445854187
11-11-2020,0.6000000238418579,0.6000000238418579,0,0.6000000238418579,0.6000000238418579,0.02794763445854187
12-11-2020,0.6000000238418579,0.6000000238418579,0,0.6000000238418579,0.6000000238418579,0.02794763445854187
13-11-2020,0.6000000238418579,0.6000000238418579,0,0.6000000238418579,0.6000000238418579,0.02794763445854187
16-11-2020,0.6000000238418579,0.6000000238418579,0,0.6000000238418579,0.6000000238418579,0.02794763445854187
17-11-2020,0.6000000238418579,0.6000000238418579,0,0.6000000238418579,0.6000000238418579,0.02794763445854187
18-11-2020,0.6000000238418579,0.6000000238418579,0,0.6000000238418579,0.6000000238418579,0.02794763445854187
19-11-2020,0.6000000238418579,0.6000000238418579,0,0.6000000238418579,0.6000000238418579,0.02794763445854187
20-11-2020,0.6000000238418579,0.6000000238418579,0,0.6000000238418579,0.6000000238418579,0.02794763445854187
23-11-2020,0.6000000238418579,0.6000000238418579,0,0.6000000238418579,0.6000000238418579,0.02794763445854187
24-11-2020,0.6000000238418579,0.6000000238418579,0,0.6000000238418579,0.6000000238418579,0.02794763445854187
25-11-2020,0.800000011920929,0.800000011920929,20350,0.800000011920929,0.800000011920929,0.03726350888609886
27-11-2020,0.800000011920929,0.800000011920929,0,0.800000011920929,0.800000011920929,0.03726350888609886
30-11-2020,0.800000011920929,0.800000011920929,0,0.800000011920929,0.800000011920929,0.03726350888609886
01-12-2020,0.800000011920929,0.800000011920929,0,0.800000011920929,0.800000011920929,0.03726350888609886
02-12-2020,0.800000011920929,0.800000011920929,0,0.800000011920929,0.800000011920929,0.03726350888609886
03-12-2020,0.800000011920929,0.800000011920929,0,0.800000011920929,0.800000011920929,0.03726350888609886
04-12-2020,0.800000011920929,0.800000011920929,0,0.800000011920929,0.800000011920929,0.03726350888609886
07-12-2020,0.800000011920929,0.800000011920929,0,0.800000011920929,0.800000011920929,0.03726350888609886
08-12-2020,0.800000011920929,0.800000011920929,0,0.800000011920929,0.800000011920929,0.03726350888609886
09-12-2020,0.800000011920929,0.800000011920929,0,0.800000011920929,0.800000011920929,0.03726350888609886
10-12-2020,0.800000011920929,0.800000011920929,0,0.800000011920929,0.800000011920929,0.03726350888609886
11-12-2020,0.800000011920929,0.800000011920929,0,0.800000011920929,0.800000011920929,0.03726350888609886
14-12-2020,0.800000011920929,0.800000011920929,0,0.800000011920929,0.800000011920929,0.03726350888609886
15-12-2020,0.800000011920929,0.800000011920929,0,0.800000011920929,0.800000011920929,0.03726350888609886
16-12-2020,0.800000011920929,0.800000011920929,0,0.800000011920929,0.800000011920929,0.03726350888609886
17-12-2020,0.800000011920929,0.800000011920929,0,0.800000011920929,0.800000011920929,0.03726350888609886
18-12-2020,0.800000011920929,0.800000011920929,0,0.800000011920929,0.800000011920929,0.03726350888609886
21-12-2020,0.7699999809265137,0.7699999809265137,262,0.7699999809265137,0.7699999809265137,0.03586613014340401
22-12-2020,0.7699999809265137,0.7699999809265137,0,0.7699999809265137,0.7699999809265137,0.03586613014340401
23-12-2020,0.7699999809265137,0.7699999809265137,0,0.7699999809265137,0.7699999809265137,0.03586613014340401
24-12-2020,0.7699999809265137,0.7699999809265137,0,0.7699999809265137,0.7699999809265137,0.03586613014340401
28-12-2020,0.7699999809265137,0.7699999809265137,0,0.7699999809265137,0.7699999809265137,0.03586613014340401
29-12-2020,0.7699999809265137,0.7699999809265137,0,0.7699999809265137,0.7699999809265137,0.03586613014340401
30-12-2020,0.7699999809265137,0.7699999809265137,0,0.7699999809265137,0.7699999809265137,0.03586613014340401
31-12-2020,0.7699999809265137,0.7699999809265137,0,0.7699999809265137,0.7699999809265137,0.03586613014340401
04-01-2021,0.7699999809265137,0.7699999809265137,0,0.7699999809265137,0.7699999809265137,0.03586613014340401
05-01-2021,0.7699999809265137,0.7699999809265137,0,0.7699999809265137,0.7699999809265137,0.03586613014340401
06-01-2021,0.7699999809265137,0.7699999809265137,0,0.7699999809265137,0.7699999809265137,0.03586613014340401
07-01-2021,0.7699999809265137,0.7699999809265137,0,0.7699999809265137,0.7699999809265137,0.03586613014340401
08-01-2021,0.7699999809265137,0.7699999809265137,0,0.7699999809265137,0.7699999809265137,0.03586613014340401
11-01-2021,0.7699999809265137,0.7699999809265137,0,0.7699999809265137,0.7699999809265137,0.03586613014340401
12-01-2021,0.7699999809265137,0.7699999809265137,0,0.7699999809265137,0.7699999809265137,0.03586613014340401
13-01-2021,0.7699999809265137,0.7699999809265137,0,0.7699999809265137,0.7699999809265137,0.03586613014340401
14-01-2021,0.7699999809265137,0.7699999809265137,0,0.7699999809265137,0.7699999809265137,0.03586613014340401
15-01-2021,0.7699999809265137,0.7699999809265137,0,0.7699999809265137,0.7699999809265137,0.03586613014340401
19-01-2021,0.7699999809265137,0.7699999809265137,0,0.7699999809265137,0.7699999809265137,0.03586613014340401
20-01-2021,0.7699999809265137,0.7699999809265137,0,0.7699999809265137,0.7699999809265137,0.03586613014340401
21-01-2021,0.8299999833106995,0.8299999833106995,200,0.8299999833106995,0.8299999833106995,0.038660891354084015
22-01-2021,0.8299999833106995,0.8299999833106995,0,0.8299999833106995,0.8299999833106995,0.038660891354084015
25-01-2021,0.8299999833106995,0.8299999833106995,0,0.8299999833106995,0.8299999833106995,0.038660891354084015
26-01-2021,0.8299999833106995,0.8299999833106995,0,0.8299999833106995,0.8299999833106995,0.038660891354084015
27-01-2021,0.8299999833106995,0.8299999833106995,0,0.8299999833106995,0.8299999833106995,0.038660891354084015
28-01-2021,0.8299999833106995,0.8299999833106995,0,0.8299999833106995,0.8299999833106995,0.038660891354084015
29-01-2021,0.8299999833106995,0.8299999833106995,0,0.8299999833106995,0.8299999833106995,0.038660891354084015
01-02-2021,0.8299999833106995,0.8299999833106995,0,0.8299999833106995,0.8299999833106995,0.038660891354084015
02-02-2021,0.8299999833106995,0.8299999833106995,0,0.8299999833106995,0.8299999833106995,0.038660891354084015
03-02-2021,0.8299999833106995,0.8299999833106995,0,0.8299999833106995,0.8299999833106995,0.038660891354084015
04-02-2021,0.8299999833106995,0.8299999833106995,0,0.8299999833106995,0.8299999833106995,0.038660891354084015
05-02-2021,0.8299999833106995,0.8299999833106995,0,0.8299999833106995,0.8299999833106995,0.038660891354084015
08-02-2021,0.8299999833106995,0.8299999833106995,0,0.8299999833106995,0.8299999833106995,0.038660891354084015
09-02-2021,0.8299999833106995,0.8299999833106995,0,0.8299999833106995,0.8299999833106995,0.038660891354084015
10-02-2021,0.8299999833106995,0.8299999833106995,0,0.8299999833106995,0.8299999833106995,0.038660891354084015
11-02-2021,0.8299999833106995,0.8299999833106995,0,0.8299999833106995,0.8299999833106995,0.038660891354084015
12-02-2021,0.8299999833106995,0.8299999833106995,0,0.8299999833106995,0.8299999833106995,0.038660891354084015
16-02-2021,0.8299999833106995,0.8299999833106995,0,0.8299999833106995,0.8299999833106995,0.038660891354084015
17-02-2021,0.8299999833106995,0.8299999833106995,0,0.8299999833106995,0.8299999833106995,0.038660891354084015
18-02-2021,0.8299999833106995,0.8299999833106995,0,0.8299999833106995,0.8299999833106995,0.038660891354084015
19-02-2021,0.8299999833106995,0.8299999833106995,0,0.8299999833106995,0.8299999833106995,0.038660891354084015
22-02-2021,0.8299999833106995,0.8299999833106995,0,0.8299999833106995,0.8299999833106995,0.038660891354084015
23-02-2021,0.8299999833106995,0.8299999833106995,0,0.8299999833106995,0.8299999833106995,0.038660891354084015
24-02-2021,0.8299999833106995,0.8299999833106995,0,0.8299999833106995,0.8299999833106995,0.038660891354084015
25-02-2021,0.8299999833106995,0.8299999833106995,0,0.8299999833106995,0.8299999833106995,0.038660891354084015
26-02-2021,0.8299999833106995,0.8299999833106995,0,0.8299999833106995,0.8299999833106995,0.038660891354084015
01-03-2021,0.8299999833106995,0.8299999833106995,0,0.8299999833106995,0.8299999833106995,0.038660891354084015
02-03-2021,0.8299999833106995,0.8299999833106995,0,0.8299999833106995,0.8299999833106995,0.038660891354084015
03-03-2021,0.7799999713897705,0.7799999713897705,1500,0.7799999713897705,0.7799999713897705,0.03633192554116249
04-03-2021,0.7799999713897705,0.7799999713897705,0,0.7799999713897705,0.7799999713897705,0.03633192554116249
05-03-2021,0.7799999713897705,0.7799999713897705,0,0.7799999713897705,0.7799999713897705,0.03633192554116249
08-03-2021,0.7799999713897705,0.7799999713897705,0,0.7799999713897705,0.7799999713897705,0.03633192554116249
09-03-2021,0.7799999713897705,0.7799999713897705,0,0.7799999713897705,0.7799999713897705,0.03633192554116249
10-03-2021,0.7799999713897705,0.7799999713897705,0,0.7799999713897705,0.7799999713897705,0.03633192554116249
11-03-2021,0.7799999713897705,0.7799999713897705,0,0.7799999713897705,0.7799999713897705,0.03633192554116249
12-03-2021,0.7799999713897705,0.7799999713897705,0,0.7799999713897705,0.7799999713897705,0.03633192554116249
15-03-2021,0.7799999713897705,0.7799999713897705,0,0.7799999713897705,0.7799999713897705,0.03633192554116249
16-03-2021,0.7799999713897705,0.7799999713897705,0,0.7799999713897705,0.7799999713897705,0.03633192554116249
17-03-2021,0.7799999713897705,0.7799999713897705,0,0.7799999713897705,0.7799999713897705,0.03633192554116249
18-03-2021,0.7799999713897705,0.7799999713897705,0,0.7799999713897705,0.7799999713897705,0.03633192554116249
19-03-2021,0.7799999713897705,0.7799999713897705,0,0.7799999713897705,0.7799999713897705,0.03633192554116249
22-03-2021,0.7799999713897705,0.7799999713897705,0,0.7799999713897705,0.7799999713897705,0.03633192554116249
23-03-2021,0.7799999713897705,0.7799999713897705,0,0.7799999713897705,0.7799999713897705,0.03633192554116249
24-03-2021,0.7799999713897705,0.7799999713897705,0,0.7799999713897705,0.7799999713897705,0.03633192554116249
25-03-2021,0.7799999713897705,0.7799999713897705,0,0.7799999713897705,0.7799999713897705,0.03633192554116249
26-03-2021,0.7799999713897705,0.7799999713897705,0,0.7799999713897705,0.7799999713897705,0.03633192554116249
29-03-2021,0.7799999713897705,0.7799999713897705,0,0.7799999713897705,0.7799999713897705,0.03633192554116249
30-03-2021,0.7799999713897705,0.7799999713897705,0,0.7799999713897705,0.7799999713897705,0.03633192554116249
31-03-2021,0.7799999713897705,0.7799999713897705,0,0.7799999713897705,0.7799999713897705,0.03633192554116249
01-04-2021,0.7799999713897705,0.7799999713897705,0,0.7799999713897705,0.7799999713897705,0.03633192554116249
05-04-2021,0.7799999713897705,0.7799999713897705,0,0.7799999713897705,0.7799999713897705,0.03633192554116249
06-04-2021,0.7799999713897705,0.7799999713897705,0,0.7799999713897705,0.7799999713897705,0.03633192554116249
07-04-2021,0.7799999713897705,0.7799999713897705,0,0.7799999713897705,0.7799999713897705,0.03633192554116249
08-04-2021,0.7799999713897705,0.7799999713897705,0,0.7799999713897705,0.7799999713897705,0.03633192554116249
09-04-2021,0.7799999713897705,0.7799999713897705,0,0.7799999713897705,0.7799999713897705,0.03633192554116249
12-04-2021,0.7799999713897705,0.7799999713897705,0,0.7799999713897705,0.7799999713897705,0.03633192554116249
13-04-2021,0.7799999713897705,0.7799999713897705,0,0.7799999713897705,0.7799999713897705,0.03633192554116249
14-04-2021,0.7799999713897705,0.7799999713897705,0,0.7799999713897705,0.7799999713897705,0.06590442359447479
15-04-2021,0.7799999713897705,0.7799999713897705,0,0.7799999713897705,0.7799999713897705,0.06590442359447479
16-04-2021,0.7799999713897705,0.7799999713897705,0,0.7799999713897705,0.7799999713897705,0.06590442359447479
19-04-2021,0.7799999713897705,0.7799999713897705,0,0.7799999713897705,0.7799999713897705,0.06590442359447479
20-04-2021,0.7799999713897705,0.7799999713897705,0,0.7799999713897705,0.7799999713897705,0.06590442359447479
21-04-2021,0.7799999713897705,0.7799999713897705,0,0.7799999713897705,0.7799999713897705,0.06590442359447479
22-04-2021,0.7799999713897705,0.7799999713897705,0,0.7799999713897705,0.7799999713897705,0.06590442359447479
23-04-2021,0.7799999713897705,0.7799999713897705,0,0.7799999713897705,0.7799999713897705,0.06590442359447479
26-04-2021,0.7799999713897705,0.7799999713897705,0,0.7799999713897705,0.7799999713897705,0.06590442359447479
27-04-2021,0.7799999713897705,0.7799999713897705,0,0.7799999713897705,0.7799999713897705,0.06590442359447479
28-04-2021,0.7799999713897705,0.7799999713897705,0,0.7799999713897705,0.7799999713897705,0.06590442359447479
29-04-2021,0.7799999713897705,0.7799999713897705,0,0.7799999713897705,0.7799999713897705,0.06590442359447479
30-04-2021,0.7799999713897705,0.7799999713897705,0,0.7799999713897705,0.7799999713897705,0.06590442359447479
03-05-2021,0.7799999713897705,0.7799999713897705,0,0.7799999713897705,0.7799999713897705,0.06590442359447479
04-05-2021,0.7799999713897705,0.7799999713897705,0,0.7799999713897705,0.7799999713897705,0.06590442359447479
05-05-2021,0.7799999713897705,0.7799999713897705,0,0.7799999713897705,0.7799999713897705,0.06590442359447479
06-05-2021,0.7799999713897705,0.7799999713897705,0,0.7799999713897705,0.7799999713897705,0.06590442359447479
07-05-2021,0.7799999713897705,0.7799999713897705,0,0.7799999713897705,0.7799999713897705,0.06590442359447479
10-05-2021,0.7799999713897705,0.7799999713897705,0,0.7799999713897705,0.7799999713897705,0.06590442359447479
11-05-2021,0.7799999713897705,0.7799999713897705,0,0.7799999713897705,0.7799999713897705,0.06590442359447479
12-05-2021,0.7799999713897705,0.7799999713897705,0,0.7799999713897705,0.7799999713897705,0.06590442359447479
13-05-2021,0.7799999713897705,0.7799999713897705,0,0.7799999713897705,0.7799999713897705,0.06590442359447479
14-05-2021,0.7799999713897705,0.7799999713897705,0,0.7799999713897705,0.7799999713897705,0.06590442359447479
17-05-2021,0.7799999713897705,0.7799999713897705,0,0.7799999713897705,0.7799999713897705,0.06590442359447479
18-05-2021,0.7799999713897705,0.7799999713897705,0,0.7799999713897705,0.7799999713897705,0.06590442359447479
19-05-2021,0.7799999713897705,0.7799999713897705,0,0.7799999713897705,0.7799999713897705,0.06590442359447479
20-05-2021,0.7799999713897705,0.7799999713897705,0,0.7799999713897705,0.7799999713897705,0.06590442359447479
21-05-2021,0.7799999713897705,0.7799999713897705,0,0.7799999713897705,0.7799999713897705,0.06590442359447479
24-05-2021,0.7799999713897705,0.7799999713897705,0,0.7799999713897705,0.7799999713897705,0.06590442359447479
25-05-2021,0.7799999713897705,0.7799999713897705,0,0.7799999713897705,0.7799999713897705,0.06590442359447479
26-05-2021,0.7799999713897705,0.7799999713897705,0,0.7799999713897705,0.7799999713897705,0.06590442359447479
27-05-2021,0.7799999713897705,0.7799999713897705,0,0.7799999713897705,0.7799999713897705,0.06590442359447479
28-05-2021,0.7799999713897705,0.7799999713897705,0,0.7799999713897705,0.7799999713897705,0.06590442359447479
01-06-2021,0.7799999713897705,0.7799999713897705,0,0.7799999713897705,0.7799999713897705,0.06590442359447479
02-06-2021,0.7799999713897705,0.7799999713897705,0,0.7799999713897705,0.7799999713897705,0.06590442359447479
03-06-2021,0.7799999713897705,0.7799999713897705,0,0.7799999713897705,0.7799999713897705,0.06590442359447479
04-06-2021,0.7799999713897705,0.7799999713897705,0,0.7799999713897705,0.7799999713897705,0.06590442359447479
07-06-2021,0.7799999713897705,0.7799999713897705,0,0.7799999713897705,0.7799999713897705,0.06590442359447479
08-06-2021,0.7799999713897705,0.7799999713897705,0,0.7799999713897705,0.7799999713897705,0.06590442359447479
09-06-2021,0.7799999713897705,0.7799999713897705,0,0.7799999713897705,0.7799999713897705,0.06590442359447479
10-06-2021,0.7799999713897705,0.7799999713897705,0,0.7799999713897705,0.7799999713897705,0.06590442359447479
11-06-2021,0.7799999713897705,0.7799999713897705,0,0.7799999713897705,0.7799999713897705,0.06590442359447479
14-06-2021,0.7799999713897705,0.7799999713897705,0,0.7799999713897705,0.7799999713897705,0.06590442359447479
15-06-2021,0.7799999713897705,0.7799999713897705,0,0.7799999713897705,0.7799999713897705,0.06590442359447479
16-06-2021,0.7799999713897705,0.7799999713897705,0,0.7799999713897705,0.7799999713897705,0.06590442359447479
17-06-2021,0.7799999713897705,0.7799999713897705,0,0.7799999713897705,0.7799999713897705,0.06590442359447479
18-06-2021,0.7799999713897705,0.7799999713897705,0,0.7799999713897705,0.7799999713897705,0.06590442359447479
21-06-2021,0.7799999713897705,0.7799999713897705,0,0.7799999713897705,0.7799999713897705,0.06590442359447479
22-06-2021,0.7799999713897705,0.7799999713897705,0,0.7799999713897705,0.7799999713897705,0.06590442359447479
23-06-2021,0.7799999713897705,0.7799999713897705,0,0.7799999713897705,0.7799999713897705,0.06590442359447479
24-06-2021,0.7799999713897705,0.7799999713897705,0,0.7799999713897705,0.7799999713897705,0.06590442359447479
25-06-2021,0.7799999713897705,0.7799999713897705,0,0.7799999713897705,0.7799999713897705,0.06590442359447479
28-06-2021,0.7799999713897705,0.7799999713897705,0,0.7799999713897705,0.7799999713897705,0.06590442359447479
29-06-2021,0.7799999713897705,0.7799999713897705,0,0.7799999713897705,0.7799999713897705,0.06590442359447479
30-06-2021,0.7799999713897705,0.7799999713897705,0,0.7799999713897705,0.7799999713897705,0.06590442359447479
01-07-2021,0.7799999713897705,0.7799999713897705,0,0.7799999713897705,0.7799999713897705,0.06590442359447479
02-07-2021,0.7799999713897705,0.7799999713897705,0,0.7799999713897705,0.7799999713897705,0.06590442359447479
06-07-2021,0.7799999713897705,0.7799999713897705,0,0.7799999713897705,0.7799999713897705,0.06590442359447479
07-07-2021,0.7799999713897705,0.7799999713897705,0,0.7799999713897705,0.7799999713897705,0.06590442359447479
08-07-2021,0.7799999713897705,0.7799999713897705,0,0.7799999713897705,0.7799999713897705,0.06590442359447479
09-07-2021,0.7799999713897705,0.7799999713897705,0,0.7799999713897705,0.7799999713897705,0.06590442359447479
12-07-2021,0.7799999713897705,0.7799999713897705,0,0.7799999713897705,0.7799999713897705,0.06590442359447479
13-07-2021,0.7799999713897705,0.7799999713897705,0,0.7799999713897705,0.7799999713897705,0.06590442359447479
14-07-2021,0.7799999713897705,0.7799999713897705,0,0.7799999713897705,0.7799999713897705,0.06590442359447479
15-07-2021,0.7799999713897705,0.7799999713897705,0,0.7799999713897705,0.7799999713897705,0.06590442359447479
16-07-2021,0.7799999713897705,0.7799999713897705,0,0.7799999713897705,0.7799999713897705,0.06590442359447479
19-07-2021,0.7799999713897705,0.7799999713897705,0,0.7799999713897705,0.7799999713897705,0.06590442359447479
20-07-2021,0.7799999713897705,0.7799999713897705,0,0.7799999713897705,0.7799999713897705,0.06590442359447479
21-07-2021,0.7799999713897705,0.7799999713897705,0,0.7799999713897705,0.7799999713897705,0.06590442359447479
22-07-2021,0.7799999713897705,0.7799999713897705,0,0.7799999713897705,0.7799999713897705,0.06590442359447479
23-07-2021,0.7799999713897705,0.7799999713897705,0,0.7799999713897705,0.7799999713897705,0.06590442359447479
26-07-2021,0.7799999713897705,0.7799999713897705,0,0.7799999713897705,0.7799999713897705,0.06590442359447479
27-07-2021,0.7799999713897705,0.7799999713897705,0,0.7799999713897705,0.7799999713897705,0.06590442359447479
28-07-2021,0.7799999713897705,0.7799999713897705,0,0.7799999713897705,0.7799999713897705,0.06590442359447479
29-07-2021,0.7799999713897705,0.7799999713897705,0,0.7799999713897705,0.7799999713897705,0.06590442359447479
30-07-2021,0.7799999713897705,0.7799999713897705,0,0.7799999713897705,0.7799999713897705,0.06590442359447479
02-08-2021,0.7799999713897705,0.7799999713897705,0,0.7799999713897705,0.7799999713897705,0.06590442359447479
03-08-2021,0.7799999713897705,0.7799999713897705,0,0.7799999713897705,0.7799999713897705,0.06590442359447479
04-08-2021,0.7799999713897705,0.7799999713897705,0,0.7799999713897705,0.7799999713897705,0.06590442359447479
05-08-2021,0.7799999713897705,0.7799999713897705,0,0.7799999713897705,0.7799999713897705,0.06590442359447479
06-08-2021,0.7799999713897705,0.7799999713897705,0,0.7799999713897705,0.7799999713897705,0.06590442359447479
09-08-2021,0.7799999713897705,0.7799999713897705,0,0.7799999713897705,0.7799999713897705,0.06590442359447479
10-08-2021,0.7799999713897705,0.7799999713897705,0,0.7799999713897705,0.7799999713897705,0.06590442359447479
11-08-2021,0.7799999713897705,0.7799999713897705,0,0.7799999713897705,0.7799999713897705,0.06590442359447479
12-08-2021,0.7799999713897705,0.7799999713897705,0,0.7799999713897705,0.7799999713897705,0.06590442359447479
13-08-2021,0.7799999713897705,0.7799999713897705,0,0.7799999713897705,0.7799999713897705,0.06590442359447479
16-08-2021,0.7799999713897705,0.7799999713897705,0,0.7799999713897705,0.7799999713897705,0.06590442359447479
17-08-2021,0.7799999713897705,0.7799999713897705,0,0.7799999713897705,0.7799999713897705,0.06590442359447479
18-08-2021,0.7799999713897705,0.7799999713897705,0,0.7799999713897705,0.7799999713897705,0.06590442359447479
19-08-2021,0.7799999713897705,0.7799999713897705,0,0.7799999713897705,0.7799999713897705,0.06590442359447479
20-08-2021,0.7799999713897705,0.7799999713897705,0,0.7799999713897705,0.7799999713897705,0.06590442359447479
23-08-2021,0.7799999713897705,0.7799999713897705,0,0.7799999713897705,0.7799999713897705,0.06590442359447479
24-08-2021,0.7799999713897705,0.7799999713897705,0,0.7799999713897705,0.7799999713897705,0.06590442359447479
25-08-2021,0.7799999713897705,0.7799999713897705,0,0.7799999713897705,0.7799999713897705,0.06590442359447479
26-08-2021,0.7799999713897705,0.7799999713897705,0,0.7799999713897705,0.7799999713897705,0.06590442359447479
27-08-2021,0.7799999713897705,0.7799999713897705,0,0.7799999713897705,0.7799999713897705,0.06590442359447479
30-08-2021,0.7799999713897705,0.7799999713897705,0,0.7799999713897705,0.7799999713897705,0.06590442359447479
31-08-2021,0.7799999713897705,0.7799999713897705,0,0.7799999713897705,0.7799999713897705,0.06590442359447479
01-09-2021,0.7799999713897705,0.7799999713897705,0,0.7799999713897705,0.7799999713897705,0.06590442359447479
02-09-2021,0.7799999713897705,0.7799999713897705,0,0.7799999713897705,0.7799999713897705,0.06590442359447479
03-09-2021,0.7799999713897705,0.7799999713897705,0,0.7799999713897705,0.7799999713897705,0.06590442359447479
07-09-2021,0.7799999713897705,0.7799999713897705,0,0.7799999713897705,0.7799999713897705,0.06590442359447479
08-09-2021,0.7799999713897705,0.7799999713897705,0,0.7799999713897705,0.7799999713897705,0.06590442359447479
09-09-2021,0.7799999713897705,0.7799999713897705,0,0.7799999713897705,0.7799999713897705,0.06590442359447479
10-09-2021,0.7799999713897705,0.7799999713897705,0,0.7799999713897705,0.7799999713897705,0.06590442359447479
13-09-2021,0.7799999713897705,0.7799999713897705,0,0.7799999713897705,0.7799999713897705,0.06590442359447479
14-09-2021,0.7799999713897705,0.7799999713897705,0,0.7799999713897705,0.7799999713897705,0.06590442359447479
15-09-2021,0.7799999713897705,0.7799999713897705,0,0.7799999713897705,0.7799999713897705,0.0969914123415947
16-09-2021,0.7799999713897705,0.7799999713897705,0,0.7799999713897705,0.7799999713897705,0.1427420824766159
17-09-2021,0.7799999713897705,0.7799999713897705,0,0.7799999713897705,0.7799999713897705,0.1427420824766159
20-09-2021,0.7799999713897705,0.7799999713897705,0,0.7799999713897705,0.7799999713897705,0.1427420824766159
21-09-2021,0.7799999713897705,0.7799999713897705,0,0.7799999713897705,0.7799999713897705,0.1427420824766159
22-09-2021,0.7799999713897705,0.7799999713897705,0,0.7799999713897705,0.7799999713897705,0.1427420824766159
23-09-2021,0.7799999713897705,0.7799999713897705,0,0.7799999713897705,0.7799999713897705,0.1427420824766159
24-09-2021,0.7799999713897705,0.7799999713897705,0,0.7799999713897705,0.7799999713897705,0.1427420824766159
27-09-2021,0.7799999713897705,0.7799999713897705,0,0.7799999713897705,0.7799999713897705,0.1427420824766159
28-09-2021,0.7799999713897705,0.7799999713897705,0,0.7799999713897705,0.7799999713897705,0.1427420824766159
29-09-2021,0.7799999713897705,0.7799999713897705,0,0.7799999713897705,0.7799999713897705,0.1427420824766159
30-09-2021,0.8999999761581421,0.8999999761581421,11750,0.8999999761581421,0.8999999761581421,0.1647024005651474
01-10-2021,0.8999999761581421,0.8999999761581421,0,0.8999999761581421,0.8999999761581421,0.1647024005651474
04-10-2021,0.8999999761581421,0.8999999761581421,0,0.8999999761581421,0.8999999761581421,0.1647024005651474
05-10-2021,0.8999999761581421,0.8999999761581421,0,0.8999999761581421,0.8999999761581421,0.1647024005651474
06-10-2021,0.8999999761581421,0.8999999761581421,0,0.8999999761581421,0.8999999761581421,0.1647024005651474
07-10-2021,0.8999999761581421,0.8999999761581421,0,0.8999999761581421,0.8999999761581421,0.1647024005651474
08-10-2021,0.8999999761581421,0.8999999761581421,0,0.8999999761581421,0.8999999761581421,0.1647024005651474
11-10-2021,0.8999999761581421,0.8999999761581421,0,0.8999999761581421,0.8999999761581421,0.1647024005651474
12-10-2021,0.8999999761581421,0.8999999761581421,0,0.8999999761581421,0.8999999761581421,0.1647024005651474
13-10-2021,0.8999999761581421,0.8999999761581421,0,0.8999999761581421,0.8999999761581421,0.1647024005651474
14-10-2021,0.8999999761581421,0.8999999761581421,0,0.8999999761581421,0.8999999761581421,0.1647024005651474
15-10-2021,0.8999999761581421,0.8999999761581421,0,0.8999999761581421,0.8999999761581421,0.1647024005651474
18-10-2021,0.8999999761581421,0.8999999761581421,0,0.8999999761581421,0.8999999761581421,0.1647024005651474
19-10-2021,1.059999942779541,1.059999942779541,11750,1.059999942779541,1.059999942779541,0.1939828246831894
20-10-2021,1.059999942779541,1.059999942779541,0,1.059999942779541,1.059999942779541,0.1939828246831894
21-10-2021,1.059999942779541,1.059999942779541,0,1.059999942779541,1.059999942779541,0.1939828246831894
22-10-2021,0.9318770170211792,0.9318770170211792,0,0.9318770170211792,0.9318770170211792,0.17053599655628204
25-10-2021,0.9318770170211792,0.9318770170211792,0,0.9318770170211792,0.9318770170211792,0.17053599655628204
26-10-2021,0.9318770170211792,0.9318770170211792,0,0.9318770170211792,0.9318770170211792,0.17053599655628204
27-10-2021,1.25,1.25,350,1.25,1.25,0.22875334322452545
28-10-2021,1.25,1.25,0,1.25,1.25,0.22875334322452545
29-10-2021,1.25,1.25,0,1.25,1.25,0.22875334322452545
01-11-2021,1.098912000656128,1.098912000656128,0,1.098912000656128,1.098912000656128,0.2011038213968277
02-11-2021,1.098912000656128,1.098912000656128,0,1.098912000656128,1.098912000656128,0.2011038213968277
03-11-2021,1.0989099740982056,1.0989099740982056,0,1.0989099740982056,1.0989099740982056,0.20110344886779785
04-11-2021,1.0989099740982056,1.0989099740982056,0,1.0989099740982056,1.0989099740982056,0.20110344886779785
05-11-2021,1.0989099740982056,1.0989099740982056,0,1.0989099740982056,1.0989099740982056,0.20110344886779785
08-11-2021,1.0989099740982056,1.0989099740982056,0,1.0989099740982056,1.0989099740982056,0.20110344886779785
09-11-2021,1.0989099740982056,1.0989099740982056,0,1.0989099740982056,1.0989099740982056,0.20110344886779785
10-11-2021,1.0989099740982056,1.0989099740982056,0,1.0989099740982056,1.0989099740982056,0.20110344886779785
11-11-2021,1.0989099740982056,1.0989099740982056,0,1.0989099740982056,1.0989099740982056,0.20110344886779785
12-11-2021,1.0989099740982056,1.0989099740982056,0,1.0989099740982056,1.0989099740982056,0.20110344886779785
15-11-2021,1.0989099740982056,1.0989099740982056,0,1.0989099740982056,1.0989099740982056,0.20110344886779785
16-11-2021,1.0989099740982056,1.0989099740982056,0,1.0989099740982056,1.0989099740982056,0.20110344886779785
17-11-2021,1.0989099740982056,1.0989099740982056,0,1.0989099740982056,1.0989099740982056,0.20110344886779785
18-11-2021,1.0989099740982056,1.0989099740982056,0,1.0989099740982056,1.0989099740982056,0.20110344886779785
19-11-2021,1.0989099740982056,1.0989099740982056,0,1.0989099740982056,1.0989099740982056,0.20110344886779785
22-11-2021,1.0989099740982056,1.0989099740982056,0,1.0989099740982056,1.0989099740982056,0.20110344886779785
23-11-2021,1.0989099740982056,1.0989099740982056,0,1.0989099740982056,1.0989099740982056,0.20110344886779785
24-11-2021,1.0989099740982056,1.0989099740982056,0,1.0989099740982056,1.0989099740982056,0.20110344886779785
26-11-2021,1.0,1.0,200,1.0,1.0,0.18300266563892365
29-11-2021,1.0,1.0,0,1.0,1.0,0.18300266563892365
30-11-2021,1.0,1.0,0,1.0,1.0,0.18300266563892365
01-12-2021,1.0,1.0,0,1.0,1.0,0.18300266563892365
02-12-2021,1.0,1.0,0,1.0,1.0,0.18300266563892365
03-12-2021,1.0,1.0,0,1.0,1.0,0.18300266563892365
06-12-2021,1.0,1.0,0,1.0,1.0,0.18300266563892365
07-12-2021,1.0,1.0,0,1.0,1.0,0.18300266563892365
08-12-2021,1.0,1.0,0,1.0,1.0,0.18300266563892365
09-12-2021,1.0,1.0,0,1.0,1.0,0.18300266563892365
10-12-2021,1.0,1.0,0,1.0,1.0,0.18300266563892365
13-12-2021,1.0,1.0,0,1.0,1.0,0.18300266563892365
14-12-2021,1.0,1.0,0,1.0,1.0,0.18300266563892365
15-12-2021,1.0,1.0,0,1.0,1.0,0.18300266563892365
16-12-2021,1.0,1.0,0,1.0,1.0,0.18300266563892365
17-12-2021,1.0,1.0,0,1.0,1.0,0.18300266563892365
20-12-2021,1.0,1.0,0,1.0,1.0,0.18300266563892365
21-12-2021,1.0,1.0,0,1.0,1.0,0.18300266563892365
22-12-2021,1.0,1.0,0,1.0,1.0,0.18300266563892365
23-12-2021,1.0,1.0,0,1.0,1.0,0.18300266563892365
27-12-2021,1.0,1.0,0,1.0,1.0,0.18300266563892365
28-12-2021,1.0,1.0,0,1.0,1.0,0.18300266563892365
29-12-2021,1.0,1.0,0,1.0,1.0,0.18300266563892365
30-12-2021,1.0,1.0,0,1.0,1.0,0.18300266563892365
31-12-2021,1.0,1.0,0,1.0,1.0,0.18300266563892365
03-01-2022,1.0,1.0,0,1.0,1.0,0.18300266563892365
04-01-2022,1.0,1.0,0,1.0,1.0,0.18300266563892365
05-01-2022,0.9900000095367432,0.9900000095367432,304,1.0,1.0,0.18300266563892365
06-01-2022,1.0,1.0,0,1.0,1.0,0.18300266563892365
07-01-2022,0.6499999761581421,0.6499999761581421,350,0.6499999761581421,0.6499999761581421,0.11895173043012619
10-01-2022,0.6499999761581421,0.6499999761581421,0,0.6499999761581421,0.6499999761581421,0.11895173043012619
11-01-2022,0.6499999761581421,0.6499999761581421,0,0.6499999761581421,0.6499999761581421,0.11895173043012619
12-01-2022,0.6499999761581421,0.6499999761581421,0,0.6499999761581421,0.6499999761581421,0.11895173043012619
13-01-2022,0.6499999761581421,0.6499999761581421,0,0.6499999761581421,0.6499999761581421,0.11895173043012619
14-01-2022,0.6499999761581421,0.6499999761581421,0,0.6499999761581421,0.6499999761581421,0.11895173043012619
18-01-2022,0.6499999761581421,0.6499999761581421,0,0.6499999761581421,0.6499999761581421,0.11895173043012619
19-01-2022,0.6499999761581421,0.6499999761581421,0,0.6499999761581421,0.6499999761581421,0.11895173043012619
20-01-2022,0.6499999761581421,0.6499999761581421,0,0.6499999761581421,0.6499999761581421,0.11895173043012619
21-01-2022,0.6499999761581421,0.6499999761581421,0,0.6499999761581421,0.6499999761581421,0.11895173043012619
24-01-2022,0.6499999761581421,0.6499999761581421,0,0.6499999761581421,0.6499999761581421,0.11895173043012619
25-01-2022,0.6499999761581421,0.6499999761581421,0,0.6499999761581421,0.6499999761581421,0.11895173043012619
26-01-2022,0.6499999761581421,0.6499999761581421,0,0.6499999761581421,0.6499999761581421,0.11895173043012619
27-01-2022,0.6499999761581421,0.6499999761581421,0,0.6499999761581421,0.6499999761581421,0.11895173043012619
28-01-2022,0.6499999761581421,0.6499999761581421,0,0.6499999761581421,0.6499999761581421,0.11895173043012619
31-01-2022,0.6499999761581421,0.6499999761581421,0,0.6499999761581421,0.6499999761581421,0.11895173043012619
01-02-2022,0.6499999761581421,0.6499999761581421,0,0.6499999761581421,0.6499999761581421,0.11895173043012619
02-02-2022,0.6499999761581421,0.6499999761581421,0,0.6499999761581421,0.6499999761581421,0.11895173043012619
03-02-2022,0.6499999761581421,0.6499999761581421,0,0.6499999761581421,0.6499999761581421,0.11895173043012619
04-02-2022,0.6499999761581421,0.6499999761581421,0,0.6499999761581421,0.6499999761581421,0.11895173043012619
07-02-2022,0.6499999761581421,0.6499999761581421,0,0.6499999761581421,0.6499999761581421,0.11895173043012619
08-02-2022,0.6499999761581421,0.6499999761581421,0,0.6499999761581421,0.6499999761581421,0.11895173043012619
09-02-2022,0.6499999761581421,0.6499999761581421,0,0.6499999761581421,0.6499999761581421,0.11895173043012619
10-02-2022,0.6499999761581421,0.6499999761581421,0,0.6499999761581421,0.6499999761581421,0.11895173043012619
11-02-2022,0.6499999761581421,0.6499999761581421,0,0.6499999761581421,0.6499999761581421,0.11895173043012619
14-02-2022,0.6499999761581421,0.6499999761581421,0,0.6499999761581421,0.6499999761581421,0.11895173043012619
15-02-2022,0.6499999761581421,0.6499999761581421,0,0.6499999761581421,0.6499999761581421,0.11895173043012619
16-02-2022,0.6499999761581421,0.6499999761581421,0,0.6499999761581421,0.6499999761581421,0.11895173043012619
17-02-2022,0.6499999761581421,0.6499999761581421,0,0.6499999761581421,0.6499999761581421,0.11895173043012619
18-02-2022,0.6499999761581421,0.6499999761581421,0,0.6499999761581421,0.6499999761581421,0.11895173043012619
22-02-2022,0.6499999761581421,0.6499999761581421,0,0.6499999761581421,0.6499999761581421,0.11895173043012619
23-02-2022,0.6499999761581421,0.6499999761581421,0,0.6499999761581421,0.6499999761581421,0.11895173043012619
24-02-2022,0.6499999761581421,0.6499999761581421,0,0.6499999761581421,0.6499999761581421,0.11895173043012619
25-02-2022,0.6499999761581421,0.6499999761581421,0,0.6499999761581421,0.6499999761581421,0.11895173043012619
28-02-2022,0.6499999761581421,0.6499999761581421,0,0.6499999761581421,0.6499999761581421,0.11895173043012619
01-03-2022,0.6499999761581421,0.6499999761581421,0,0.6499999761581421,0.6499999761581421,0.11895173043012619
02-03-2022,0.6499999761581421,0.6499999761581421,0,0.6499999761581421,0.6499999761581421,0.11895173043012619
03-03-2022,0.6499999761581421,0.6499999761581421,0,0.6499999761581421,0.6499999761581421,0.11895173043012619
04-03-2022,0.6499999761581421,0.6499999761581421,0,0.6499999761581421,0.6499999761581421,0.11895173043012619
07-03-2022,0.6499999761581421,0.6499999761581421,0,0.6499999761581421,0.6499999761581421,0.11895173043012619
08-03-2022,0.6499999761581421,0.6499999761581421,0,0.6499999761581421,0.6499999761581421,0.11895173043012619
09-03-2022,0.6499999761581421,0.6499999761581421,0,0.6499999761581421,0.6499999761581421,0.11895173043012619
10-03-2022,0.6499999761581421,0.6499999761581421,0,0.6499999761581421,0.6499999761581421,0.11895173043012619
11-03-2022,0.6499999761581421,0.6499999761581421,0,0.6499999761581421,0.6499999761581421,0.11895173043012619
14-03-2022,0.6499999761581421,0.6499999761581421,0,0.6499999761581421,0.6499999761581421,0.11895173043012619
15-03-2022,0.6499999761581421,0.6499999761581421,0,0.6499999761581421,0.6499999761581421,0.11895173043012619
16-03-2022,0.6499999761581421,0.6499999761581421,0,0.6499999761581421,0.6499999761581421,0.11895173043012619
17-03-2022,0.6499999761581421,0.6499999761581421,0,0.6499999761581421,0.6499999761581421,0.11895173043012619
18-03-2022,0.6499999761581421,0.6499999761581421,0,0.6499999761581421,0.6499999761581421,0.11895173043012619
21-03-2022,0.6499999761581421,0.6499999761581421,0,0.6499999761581421,0.6499999761581421,0.11895173043012619
22-03-2022,0.6499999761581421,0.6499999761581421,0,0.6499999761581421,0.6499999761581421,0.11895173043012619
23-03-2022,0.6499999761581421,0.6499999761581421,0,0.6499999761581421,0.6499999761581421,0.11895173043012619
24-03-2022,0.6499999761581421,0.6499999761581421,0,0.6499999761581421,0.6499999761581421,0.11895173043012619
25-03-2022,0.6499999761581421,0.6499999761581421,0,0.6499999761581421,0.6499999761581421,0.11895173043012619
28-03-2022,0.6499999761581421,0.6499999761581421,0,0.6499999761581421,0.6499999761581421,0.11895173043012619
29-03-2022,0.6499999761581421,0.6499999761581421,0,0.6499999761581421,0.6499999761581421,0.11895173043012619
30-03-2022,0.6499999761581421,0.6499999761581421,0,0.6499999761581421,0.6499999761581421,0.11895173043012619
31-03-2022,0.6499999761581421,0.6499999761581421,0,0.6499999761581421,0.6499999761581421,0.11895173043012619
01-04-2022,0.7674999833106995,0.7674999833106995,200,0.7674999833106995,0.7674999833106995,0.14045454561710358
04-04-2022,0.7674999833106995,0.7674999833106995,0,0.7674999833106995,0.7674999833106995,0.14045454561710358
05-04-2022,0.7674999833106995,0.7674999833106995,0,0.7674999833106995,0.7674999833106995,0.14045454561710358
06-04-2022,0.7674999833106995,0.7674999833106995,0,0.7674999833106995,0.7674999833106995,0.14045454561710358
07-04-2022,0.7674999833106995,0.7674999833106995,0,0.7674999833106995,0.7674999833106995,0.14045454561710358
08-04-2022,0.7674999833106995,0.7674999833106995,0,0.7674999833106995,0.7674999833106995,0.14045454561710358
11-04-2022,0.7674999833106995,0.7674999833106995,0,0.7674999833106995,0.7674999833106995,0.14045454561710358
12-04-2022,0.7674999833106995,0.7674999833106995,0,0.7674999833106995,0.7674999833106995,0.14045454561710358
13-04-2022,0.7674999833106995,0.7674999833106995,0,0.7674999833106995,0.7674999833106995,0.14045454561710358
14-04-2022,0.7674999833106995,0.7674999833106995,0,0.7674999833106995,0.7674999833106995,0.14045454561710358
18-04-2022,0.7674999833106995,0.7674999833106995,0,0.7674999833106995,0.7674999833106995,0.41863638162612915
19-04-2022,0.7674999833106995,0.7674999833106995,0,0.7674999833106995,0.7674999833106995,0.41863638162612915
20-04-2022,0.7674999833106995,0.7674999833106995,0,0.7674999833106995,0.7674999833106995,0.41863638162612915
21-04-2022,0.7674999833106995,0.7674999833106995,0,0.7674999833106995,0.7674999833106995,0.41863638162612915
22-04-2022,0.7674999833106995,0.7674999833106995,0,0.7674999833106995,0.7674999833106995,0.41863638162612915
25-04-2022,0.7674999833106995,0.7674999833106995,0,0.7674999833106995,0.7674999833106995,0.41863638162612915
26-04-2022,0.550000011920929,0.550000011920929,875,0.550000011920929,0.550000011920929,0.30000001192092896
27-04-2022,0.550000011920929,0.550000011920929,0,0.550000011920929,0.550000011920929,0.30000001192092896
28-04-2022,0.550000011920929,0.550000011920929,0,0.550000011920929,0.550000011920929,0.30000001192092896
29-04-2022,0.550000011920929,0.550000011920929,0,0.550000011920929,0.550000011920929,0.30000001192092896
02-05-2022,0.550000011920929,0.550000011920929,0,0.550000011920929,0.550000011920929,0.30000001192092896
03-05-2022,0.550000011920929,0.550000011920929,0,0.550000011920929,0.550000011920929,0.30000001192092896
04-05-2022,0.550000011920929,0.550000011920929,0,0.550000011920929,0.550000011920929,0.30000001192092896
05-05-2022,0.550000011920929,0.550000011920929,0,0.550000011920929,0.550000011920929,0.30000001192092896
06-05-2022,0.550000011920929,0.550000011920929,0,0.550000011920929,0.550000011920929,0.30000001192092896
09-05-2022,0.550000011920929,0.550000011920929,0,0.550000011920929,0.550000011920929,0.30000001192092896
10-05-2022,0.550000011920929,0.550000011920929,0,0.550000011920929,0.550000011920929,0.30000001192092896
11-05-2022,0.550000011920929,0.550000011920929,0,0.550000011920929,0.550000011920929,0.30000001192092896
12-05-2022,0.550000011920929,0.550000011920929,0,0.550000011920929,0.550000011920929,0.30000001192092896
13-05-2022,0.550000011920929,0.550000011920929,0,0.550000011920929,0.550000011920929,0.30000001192092896
16-05-2022,0.550000011920929,0.550000011920929,0,0.550000011920929,0.550000011920929,0.30000001192092896
17-05-2022,0.550000011920929,0.550000011920929,0,0.550000011920929,0.550000011920929,0.30000001192092896
18-05-2022,0.550000011920929,0.550000011920929,0,0.550000011920929,0.550000011920929,0.30000001192092896
19-05-2022,0.550000011920929,0.550000011920929,0,0.550000011920929,0.550000011920929,0.30000001192092896
20-05-2022,0.550000011920929,0.550000011920929,0,0.550000011920929,0.550000011920929,0.30000001192092896
23-05-2022,0.550000011920929,0.550000011920929,0,0.550000011920929,0.550000011920929,0.30000001192092896
24-05-2022,0.550000011920929,0.550000011920929,100,0.550000011920929,0.550000011920929,0.30000001192092896
25-05-2022,0.550000011920929,0.550000011920929,0,0.550000011920929,0.550000011920929,0.30000001192092896
26-05-2022,0.550000011920929,0.550000011920929,0,0.550000011920929,0.550000011920929,0.30000001192092896
27-05-2022,0.550000011920929,0.550000011920929,0,0.550000011920929,0.550000011920929,0.30000001192092896
31-05-2022,0.550000011920929,0.550000011920929,0,0.550000011920929,0.550000011920929,0.30000001192092896
01-06-2022,0.550000011920929,0.550000011920929,0,0.550000011920929,0.550000011920929,0.30000001192092896
02-06-2022,0.550000011920929,0.550000011920929,0,0.550000011920929,0.550000011920929,0.30000001192092896
03-06-2022,0.550000011920929,0.550000011920929,0,0.550000011920929,0.550000011920929,0.30000001192092896
06-06-2022,0.550000011920929,0.550000011920929,0,0.550000011920929,0.550000011920929,0.30000001192092896
07-06-2022,0.550000011920929,0.550000011920929,0,0.550000011920929,0.550000011920929,0.30000001192092896
08-06-2022,0.550000011920929,0.550000011920929,0,0.550000011920929,0.550000011920929,0.30000001192092896
09-06-2022,0.550000011920929,0.550000011920929,0,0.550000011920929,0.550000011920929,0.30000001192092896
10-06-2022,0.550000011920929,0.550000011920929,0,0.550000011920929,0.550000011920929,0.30000001192092896
13-06-2022,0.550000011920929,0.550000011920929,0,0.550000011920929,0.550000011920929,0.30000001192092896
14-06-2022,0.550000011920929,0.550000011920929,0,0.550000011920929,0.550000011920929,0.30000001192092896
15-06-2022,0.550000011920929,0.550000011920929,0,0.550000011920929,0.550000011920929,0.30000001192092896
16-06-2022,0.550000011920929,0.550000011920929,0,0.550000011920929,0.550000011920929,0.30000001192092896
17-06-2022,0.550000011920929,0.550000011920929,0,0.550000011920929,0.550000011920929,0.30000001192092896
21-06-2022,0.550000011920929,0.550000011920929,0,0.550000011920929,0.550000011920929,0.30000001192092896
22-06-2022,0.550000011920929,0.550000011920929,0,0.550000011920929,0.550000011920929,0.30000001192092896
23-06-2022,0.550000011920929,0.550000011920929,0,0.550000011920929,0.550000011920929,0.30000001192092896
24-06-2022,0.550000011920929,0.550000011920929,0,0.550000011920929,0.550000011920929,0.30000001192092896
27-06-2022,0.550000011920929,0.550000011920929,0,0.550000011920929,0.550000011920929,0.30000001192092896
28-06-2022,0.550000011920929,0.550000011920929,0,0.550000011920929,0.550000011920929,0.30000001192092896
29-06-2022,0.550000011920929,0.550000011920929,0,0.550000011920929,0.550000011920929,0.30000001192092896
30-06-2022,0.550000011920929,0.550000011920929,0,0.550000011920929,0.550000011920929,0.30000001192092896
01-07-2022,0.550000011920929,0.550000011920929,0,0.550000011920929,0.550000011920929,0.30000001192092896
05-07-2022,0.550000011920929,0.550000011920929,0,0.550000011920929,0.550000011920929,0.30000001192092896
06-07-2022,0.550000011920929,0.550000011920929,0,0.550000011920929,0.550000011920929,0.30000001192092896
07-07-2022,0.550000011920929,0.550000011920929,0,0.550000011920929,0.550000011920929,0.30000001192092896
08-07-2022,0.550000011920929,0.550000011920929,0,0.550000011920929,0.550000011920929,0.30000001192092896
11-07-2022,0.550000011920929,0.550000011920929,0,0.550000011920929,0.550000011920929,0.30000001192092896
12-07-2022,0.550000011920929,0.550000011920929,0,0.550000011920929,0.550000011920929,0.30000001192092896
13-07-2022,0.550000011920929,0.550000011920929,0,0.550000011920929,0.550000011920929,0.30000001192092896
14-07-2022,0.550000011920929,0.550000011920929,0,0.550000011920929,0.550000011920929,0.30000001192092896
15-07-2022,0.550000011920929,0.550000011920929,0,0.550000011920929,0.550000011920929,0.30000001192092896
18-07-2022,0.550000011920929,0.550000011920929,0,0.550000011920929,0.550000011920929,0.30000001192092896
19-07-2022,0.550000011920929,0.550000011920929,0,0.550000011920929,0.550000011920929,0.30000001192092896
20-07-2022,0.550000011920929,0.550000011920929,0,0.550000011920929,0.550000011920929,0.30000001192092896
21-07-2022,0.550000011920929,0.550000011920929,0,0.550000011920929,0.550000011920929,0.30000001192092896
22-07-2022,0.550000011920929,0.550000011920929,0,0.550000011920929,0.550000011920929,0.30000001192092896
25-07-2022,0.550000011920929,0.550000011920929,0,0.550000011920929,0.550000011920929,0.30000001192092896
26-07-2022,0.550000011920929,0.550000011920929,0,0.550000011920929,0.550000011920929,0.30000001192092896
27-07-2022,0.550000011920929,0.550000011920929,0,0.550000011920929,0.550000011920929,0.30000001192092896
28-07-2022,0.550000011920929,0.550000011920929,0,0.550000011920929,0.550000011920929,0.30000001192092896
29-07-2022,0.550000011920929,0.550000011920929,0,0.550000011920929,0.550000011920929,0.30000001192092896
01-08-2022,0.550000011920929,0.550000011920929,0,0.550000011920929,0.550000011920929,0.30000001192092896
02-08-2022,0.550000011920929,0.550000011920929,0,0.550000011920929,0.550000011920929,0.30000001192092896
03-08-2022,0.550000011920929,0.550000011920929,0,0.550000011920929,0.550000011920929,0.30000001192092896
04-08-2022,0.550000011920929,0.550000011920929,0,0.550000011920929,0.550000011920929,0.30000001192092896
05-08-2022,0.550000011920929,0.550000011920929,0,0.550000011920929,0.550000011920929,0.30000001192092896
08-08-2022,0.550000011920929,0.550000011920929,0,0.550000011920929,0.550000011920929,0.30000001192092896
09-08-2022,0.550000011920929,0.550000011920929,0,0.550000011920929,0.550000011920929,0.30000001192092896
10-08-2022,0.550000011920929,0.550000011920929,0,0.550000011920929,0.550000011920929,0.30000001192092896
11-08-2022,0.550000011920929,0.550000011920929,0,0.550000011920929,0.550000011920929,0.30000001192092896
12-08-2022,0.550000011920929,0.550000011920929,0,0.550000011920929,0.550000011920929,0.30000001192092896
15-08-2022,0.550000011920929,0.550000011920929,0,0.550000011920929,0.550000011920929,0.30000001192092896
16-08-2022,0.550000011920929,0.550000011920929,0,0.550000011920929,0.550000011920929,0.30000001192092896
17-08-2022,0.550000011920929,0.550000011920929,0,0.550000011920929,0.550000011920929,0.30000001192092896
18-08-2022,0.550000011920929,0.550000011920929,0,0.550000011920929,0.550000011920929,0.30000001192092896
19-08-2022,0.550000011920929,0.550000011920929,0,0.550000011920929,0.550000011920929,0.30000001192092896
22-08-2022,0.550000011920929,0.550000011920929,0,0.550000011920929,0.550000011920929,0.30000001192092896
23-08-2022,0.550000011920929,0.550000011920929,0,0.550000011920929,0.550000011920929,0.30000001192092896
24-08-2022,0.550000011920929,0.550000011920929,0,0.550000011920929,0.550000011920929,0.30000001192092896
25-08-2022,0.550000011920929,0.550000011920929,0,0.550000011920929,0.550000011920929,0.30000001192092896
26-08-2022,0.550000011920929,0.550000011920929,0,0.550000011920929,0.550000011920929,0.30000001192092896
29-08-2022,0.550000011920929,0.550000011920929,0,0.550000011920929,0.550000011920929,0.30000001192092896
30-08-2022,0.550000011920929,0.550000011920929,0,0.550000011920929,0.550000011920929,0.30000001192092896
31-08-2022,0.550000011920929,0.550000011920929,0,0.550000011920929,0.550000011920929,0.30000001192092896
01-09-2022,0.550000011920929,0.550000011920929,0,0.550000011920929,0.550000011920929,0.30000001192092896
02-09-2022,0.550000011920929,0.550000011920929,0,0.550000011920929,0.550000011920929,0.30000001192092896
06-09-2022,0.550000011920929,0.550000011920929,0,0.550000011920929,0.550000011920929,0.30000001192092896
07-09-2022,0.550000011920929,0.550000011920929,0,0.550000011920929,0.550000011920929,0.30000001192092896
08-09-2022,0.550000011920929,0.550000011920929,0,0.550000011920929,0.550000011920929,0.30000001192092896
09-09-2022,0.550000011920929,0.550000011920929,0,0.550000011920929,0.550000011920929,0.30000001192092896
12-09-2022,0.550000011920929,0.550000011920929,0,0.550000011920929,0.550000011920929,0.30000001192092896
13-09-2022,0.550000011920929,0.550000011920929,0,0.550000011920929,0.550000011920929,0.30000001192092896
14-09-2022,0.550000011920929,0.550000011920929,0,0.550000011920929,0.550000011920929,0.30000001192092896
15-09-2022,0.550000011920929,0.550000011920929,0,0.550000011920929,0.550000011920929,0.30000001192092896
16-09-2022,0.550000011920929,0.550000011920929,0,0.550000011920929,0.550000011920929,0.30000001192092896
19-09-2022,0.550000011920929,0.550000011920929,0,0.550000011920929,0.550000011920929,0.30000001192092896
20-09-2022,0.550000011920929,0.550000011920929,0,0.550000011920929,0.550000011920929,0.30000001192092896
21-09-2022,0.550000011920929,0.550000011920929,0,0.550000011920929,0.550000011920929,0.30000001192092896
22-09-2022,0.550000011920929,0.550000011920929,0,0.550000011920929,0.550000011920929,0.550000011920929
23-09-2022,0.550000011920929,0.550000011920929,0,0.550000011920929,0.550000011920929,0.550000011920929
26-09-2022,0.550000011920929,0.550000011920929,0,0.550000011920929,0.550000011920929,0.550000011920929
27-09-2022,0.550000011920929,0.550000011920929,0,0.550000011920929,0.550000011920929,0.550000011920929
28-09-2022,0.550000011920929,0.550000011920929,0,0.550000011920929,0.550000011920929,0.550000011920929
29-09-2022,0.550000011920929,0.550000011920929,0,0.550000011920929,0.550000011920929,0.550000011920929
30-09-2022,0.4000000059604645,0.4000000059604645,6678,0.4000000059604645,0.4000000059604645,0.4000000059604645
03-10-2022,0.4000000059604645,0.4000000059604645,0,0.4000000059604645,0.4000000059604645,0.4000000059604645
04-10-2022,0.4000000059604645,0.4000000059604645,0,0.4000000059604645,0.4000000059604645,0.4000000059604645
05-10-2022,0.4000000059604645,0.4000000059604645,0,0.4000000059604645,0.4000000059604645,0.4000000059604645
06-10-2022,0.4000000059604645,0.4000000059604645,0,0.4000000059604645,0.4000000059604645,0.4000000059604645
07-10-2022,0.4000000059604645,0.4000000059604645,0,0.4000000059604645,0.4000000059604645,0.4000000059604645
10-10-2022,0.4000000059604645,0.4000000059604645,0,0.4000000059604645,0.4000000059604645,0.4000000059604645
11-10-2022,0.4000000059604645,0.4000000059604645,0,0.4000000059604645,0.4000000059604645,0.4000000059604645
12-10-2022,0.4000000059604645,0.4000000059604645,0,0.4000000059604645,0.4000000059604645,0.4000000059604645
13-10-2022,0.4000000059604645,0.4000000059604645,0,0.4000000059604645,0.4000000059604645,0.4000000059604645
14-10-2022,0.4000000059604645,0.4000000059604645,0,0.4000000059604645,0.4000000059604645,0.4000000059604645
17-10-2022,0.4000000059604645,0.4000000059604645,0,0.4000000059604645,0.4000000059604645,0.4000000059604645
18-10-2022,0.4000000059604645,0.4000000059604645,0,0.4000000059604645,0.4000000059604645,0.4000000059604645
19-10-2022,0.4000000059604645,0.4000000059604645,0,0.4000000059604645,0.4000000059604645,0.4000000059604645
20-10-2022,0.4000000059604645,0.4000000059604645,0,0.4000000059604645,0.4000000059604645,0.4000000059604645
21-10-2022,0.4000000059604645,0.4000000059604645,0,0.4000000059604645,0.4000000059604645,0.4000000059604645
24-10-2022,0.4000000059604645,0.4000000059604645,0,0.4000000059604645,0.4000000059604645,0.4000000059604645
25-10-2022,0.4000000059604645,0.4000000059604645,0,0.4000000059604645,0.4000000059604645,0.4000000059604645
26-10-2022,0.4000000059604645,0.4000000059604645,0,0.4000000059604645,0.4000000059604645,0.4000000059604645
27-10-2022,0.4000000059604645,0.4000000059604645,0,0.4000000059604645,0.4000000059604645,0.4000000059604645
28-10-2022,0.4000000059604645,0.4000000059604645,0,0.4000000059604645,0.4000000059604645,0.4000000059604645
31-10-2022,0.4000000059604645,0.4000000059604645,0,0.4000000059604645,0.4000000059604645,0.4000000059604645
01-11-2022,0.4000000059604645,0.4000000059604645,0,0.4000000059604645,0.4000000059604645,0.4000000059604645
02-11-2022,0.4000000059604645,0.4000000059604645,0,0.4000000059604645,0.4000000059604645,0.4000000059604645
03-11-2022,0.4000000059604645,0.4000000059604645,0,0.4000000059604645,0.4000000059604645,0.4000000059604645
04-11-2022,0.4000000059604645,0.4000000059604645,0,0.4000000059604645,0.4000000059604645,0.4000000059604645
07-11-2022,0.4000000059604645,0.4000000059604645,0,0.4000000059604645,0.4000000059604645,0.4000000059604645
08-11-2022,0.4000000059604645,0.4000000059604645,0,0.4000000059604645,0.4000000059604645,0.4000000059604645
09-11-2022,0.4000000059604645,0.4000000059604645,0,0.4000000059604645,0.4000000059604645,0.4000000059604645
10-11-2022,0.4000000059604645,0.4000000059604645,0,0.4000000059604645,0.4000000059604645,0.4000000059604645
11-11-2022,0.4000000059604645,0.4000000059604645,0,0.4000000059604645,0.4000000059604645,0.4000000059604645
14-11-2022,0.4000000059604645,0.4000000059604645,0,0.4000000059604645,0.4000000059604645,0.4000000059604645
15-11-2022,0.4000000059604645,0.4000000059604645,0,0.4000000059604645,0.4000000059604645,0.4000000059604645
16-11-2022,0.4000000059604645,0.4000000059604645,0,0.4000000059604645,0.4000000059604645,0.4000000059604645
17-11-2022,0.4000000059604645,0.4000000059604645,0,0.4000000059604645,0.4000000059604645,0.4000000059604645
18-11-2022,0.699999988079071,0.699999988079071,1000,0.699999988079071,0.699999988079071,0.699999988079071
21-11-2022,0.6499999761581421,0.699999988079071,1450,0.699999988079071,0.6499999761581421,0.6499999761581421
22-11-2022,0.6499999761581421,0.6499999761581421,0,0.6499999761581421,0.6499999761581421,0.6499999761581421
23-11-2022,0.6499999761581421,0.6499999761581421,0,0.6499999761581421,0.6499999761581421,0.6499999761581421
25-11-2022,0.6499999761581421,0.6499999761581421,0,0.6499999761581421,0.6499999761581421,0.6499999761581421
28-11-2022,0.6499999761581421,0.6499999761581421,0,0.6499999761581421,0.6499999761581421,0.6499999761581421
29-11-2022,0.6499999761581421,0.6499999761581421,0,0.6499999761581421,0.6499999761581421,0.6499999761581421
30-11-2022,0.6499999761581421,0.6499999761581421,0,0.6499999761581421,0.6499999761581421,0.6499999761581421
01-12-2022,0.6499999761581421,0.6499999761581421,0,0.6499999761581421,0.6499999761581421,0.6499999761581421
02-12-2022,0.6499999761581421,0.6499999761581421,0,0.6499999761581421,0.6499999761581421,0.6499999761581421
05-12-2022,0.6000000238418579,0.6000000238418579,1000,0.6000000238418579,0.6000000238418579,0.6000000238418579
06-12-2022,0.6000000238418579,0.6000000238418579,0,0.6000000238418579,0.6000000238418579,0.6000000238418579
07-12-2022,0.6000000238418579,0.6000000238418579,0,0.6000000238418579,0.6000000238418579,0.6000000238418579
08-12-2022,0.6000000238418579,0.6000000238418579,0,0.6000000238418579,0.6000000238418579,0.6000000238418579
09-12-2022,0.6000000238418579,0.6000000238418579,0,0.6000000238418579,0.6000000238418579,0.6000000238418579
